Nama Tempat Wisata;Tiket WNI (Rp.);Tiket WNA (Rp.);Parkir Roda 2;Parkir Roda 4;Keterangan
Tiket Kawasan;15000;50000;0;0;Tiket wajib saat melintasi gerbang utama kawasan Dieng. Retribusi ini masuk ke dana PEMDA untuk pemeliharaan fasilitas umum.
Pandangan Petama;10000;10000;2000;5000;Menawarkan sisi lain untuk menikmati keindahan lanskap Telaga Menjer dari atas. Selain sebagai spot pandang, area ini juga menyediakan lahan yang bisa dimanfaatkan wisatawan untuk mendirikan tenda (camping) dan kegiatan rekreasi luar ruang lainnya.
Telaga Menjer;5000;15000;2000;5000;Danau vulkanik terluas di area Garung. Pengunjung bisa menyewa perahu kayu dengan biaya Rp 20.000,00 atau berfoto dengan latar pegunungan yang asri.
Bukit Cinta;15000;15000;5000;10000;Spot rekreasi dan berfoto dengan sudut pandang dari ketinggian yang menghadap langsung ke Telaga Menjer.
Kahyangan Skyline;20000;20000;2000;5000;Destinasi modern bernuansa outdoor. Memiliki ikon jembatan kaca dan jaring gantung sebagai spot foto dengan latar Telaga Menjer.
Bukit Saroja;25000;25000;10000;20000;Wisata alam yang menawarkan jalur pendakian via Desa Tieng. Memiliki trek yang relatif mudah sehingga sangat direkomendasikan bagi pengunjung yang hobi hiking santai. Menawarkan pemandangan alam yang indah dan merupakan lokasi yang sangat cocok untuk menikmati sunrise (matahari terbit).
Panama;10000;10000;3000;5000;Dikenal sebagai Kebun Teh Panama. Memiliki fasilitas boardwalk (jembatan kayu) di tengah hamparan kebun teh untuk pejalan kaki dan spot foto.
Swiss Van Java;10000;10000;0;0;Area viewpoint dengan lanskap pegunungan hijau dan tatanan alam yang sering disandingkan dengan keindahan pedesaan Swiss.
Curug Sikarim;15000;15000;5000;10000;Air terjun eksotis dengan debit air deras. Akses jalannya menanjak tajam dan cukup ekstrem, menuntut kondisi kendaraan yang prima.
Telaga Cebong;0;0;5000;15000;Titik kumpul utama dan area camping ground bagi wisatawan yang bersiap untuk melakukan pendakian ke Bukit Sikunir saat subuh.
Bukit Sikunir;15000;30000;5000;15000;Destinasi terpopuler untuk berburu Golden Sunrise. Jalur pendakiannya berupa anak tangga yang tertata, memakan waktu sekitar 30-45 menit.
Gunung Bismo Via Sikunang;35000;35000;10000;20000;Jalur pendakian Gunung Bismo yang relatif lebih singkat. Biaya parkir dihitung untuk tarif menginap (camping).
Kawah Sikidang Pintu A dan Komplek Candi Arjuna;35000;50000;5000;10000;Tiket terusan (bundling) untuk dua ikon wisata Dieng. Pintu A adalah gerbang utama yang terintegrasi dengan deretan panjang kios oleh-oleh.
Kawah Sikidang Pintu B dan Komplek Candi Arjuna;35000;50000;2000;10000;Tiket terusan (bundling). Akses alternatif dengan rute perjalanan yang relatif lebih dekat karena hanya putar balik. Pengunjung tidak perlu berjalan jauh melewati deretan kios, sehingga sangat cocok untuk wisatawan yang tidak kuat berjalan jauh atau lansia.
Candi Bima;0;0;2000;5000;Candi dengan corak arsitektur khas India Utara. Berlokasi tepat di pinggir jalan utama menuju Kawah Sikidang Pintu A.
Dieng Pelataue Theater;10000;15000;2000;5000;Teater bioskop mini (Dieng Plateau Theater) yang memutar film dokumenter tentang sejarah letusan gunung, geografi, dan budaya masyarakat Dieng.
Batu Pandang Ratapan Angin;15000;20000;2000;5000;Destinasi favorit berisi bebatuan tebing menjulang tinggi. Ini adalah titik terbaik untuk melihat gradasi warna Telaga Warna dan Telaga Pengilon dari atas.
Telaga Warna;27000;60000;5000;10000;Danau vulkanik di kawasan konservasi BKSDA yang airnya bisa memantulkan warna berbeda karena kandungan sulfur. Area ini rimbun dan sakral karena di pulaunya terdapat banyak gua.
Kebun Teh Tambi;10000;10000;2000;7000;Wisata agro peninggalan Belanda. Wisatawan bisa berkeliling hamparan kebun teh yang luas, atau mengikuti tur pabrik teh (ada biaya terpisah).
Taman Langit;15000;15000;5000;10000;Area wisata dataran tinggi yang didesain untuk bersantai menikmati lanskap perbukitan. Merupakan spot yang sangat direkomendasikan untuk melihat sunrise, dengan suasana dan pemandangan yang hampir sama indahnya dengan Watu Angkruk.
Watu Angkruk;15000;15000;3000;7000;Destinasi populer untuk melihat sunrise tanpa perlu mendaki jauh. Tersedia spot jembatan kaca (glass skywalk) dan kereta kencana tembaga.
Bukit Sikapuk;15000;15000;3000;7000;Area lereng bukit yang menawarkan pemandangan hamparan awan dan pegunungan. Alternatif yang tenang untuk menikmati sunrise dan berfoto.
Gunung Pakuwaja via Parikesit;30000;30000;10000;25000;Jalur pendakian menuju ikon batu vertikal raksasa yang dipercaya sebagai 'paku' penguat Pulau Jawa. Tarif parkir berlaku untuk inap.
Gunung Prau via Igirmranak;35000;30000;10000;25000;Jalur pendakian Prau yang relatif landai namun berdurasi lebih panjang. Cocok untuk pendaki yang ingin menghindari keramaian. Tarif parkir inap.
Gunung Prau via Patakbanteng;40000;40000;10000;20000;Jalur pendakian Gunung Prau yang paling ramai dan populer. Treknya menanjak namun rutenya paling singkat menuju area sabana. Tarif parkir inap.
Gunung Prau via Kali Lembu;35000;35000;10000;25000;Jalur alternatif menuju puncak Prau yang lebih tenang. Didominasi trek panjang melipir perbukitan. Tarif parkir inap.
Gunung Paru via Dieng;30000;30000;10000;25000;Rute pendakian klasik dari kawasan inti Dieng, akan melintasi area yang sering disebut sebagai Bukit Teletubbies.
Tuk Bimolukar;5000;5000;2000;2000;Mata air kuno yang disucikan dan bersejarah. Airnya sangat dingin, dan penduduk lokal percaya bahwa mencuci muka di sini dapat membuat awet muda.
Bukit Scoter;15000;15000;2000;5000;Bukit landai yang sangat dekat dengan pusat desa Dieng Kulon. Spot santai terbaik untuk melihat lanskap desa, persawahan, dan kawasan candi.
Bukit Sipandu;15000;15000;5000;15000;Berada di perbatasan Banjarnegara dan Batang. Menawarkan lanskap sabana dan padang rumput ilalang dengan view pegunungan utara Jawa.
D-Qiano Water Park;15000;30000;2000;5000;Taman rekreasi air terbesar di area Dieng. Menyediakan kolam renang air panas bumi alami, dilengkapi berbagai fasilitas seluncuran air.
Banyu Alam Hot Spring;15000;15000;3000;5000;Pemandian air panas alami yang ideal untuk berendam merelaksasikan otot-otot di tengah cuaca Dieng yang membekukan.
Pemandian Air Panas Bitingan;5000;5000;2000;0;Fasilitas pemandian tradisional berbahan dasar mata air panas vulkanik yang dikelola secara komunal oleh warga lokal setempat.
Museum Kailasa;5000;30000;2000;5000;Museum geologi dan sejarah terlengkap di Dieng. Menyimpan artefak candi, informasi pembentukan alam, letusan kawah, hingga kehidupan sosial budaya.
Candi Gatot Kaca;0;0;2000;5000;Situs peninggalan Mataram Kuno yang terdiri dari candi tunggal. Dapat dikunjungi tanpa tiket karena letaknya di ruang terbuka tepi jalan.
Telaga Merdada;5000;5000;2000;5000;Telaga dengan area terluas di kawasan Dataran Tinggi Dieng. Perairan ini tidak beracun sehingga sering digunakan untuk kayak dan irigasi pertanian.
Telaga Sewiwi;0;0;2000;5000;Telaga kecil nan rindang yang biasanya dinikmati saat wisatawan melintas. Pemandangannya hening dan belum banyak infrastruktur komersial.
Telaga Sedringo;10000;15000;3000;5000;Sering disebut sebagai Telaga Dringo. Akses jalannya ekstrem, namun pemandangannya sangat indah bak Ranu Kumbolo, menjadikannya surga camping.
Kawah Candradimuka;15000;15000;2000;7000;Kawah legendaris yang dikaitkan dengan mitos pewayangan tempat penyucian Gatotkaca. Suasananya masih sangat natural dan cukup tersembunyi.
Kebun Teh Kertosari;7000;7000;5000;10000;Wisata agro alternatif berupa hamparan perkebunan teh yang menghijau dengan udara sejuk, cocok untuk sekadar bersantai menjauh dari keramaian.
Dieng Park;15000;60000;5000;10000;Kawasan bukit yang menawarkan titik pantau strategis untuk menikmati pemandangan Telaga Warna dari atas. Tempat ini merupakan destinasi yang sangat lengkap karena ideal digunakan untuk melihat sunrise (matahari terbit) pada pagi hari dan sunset (matahari terbenam) pada sore hari.
Kebun Teh Sikatok;10000;10000;2000;5000;Destinasi agro dengan hamparan daun teh yang memanjakan mata. Terdapat titian jembatan kayu memanjang yang estetik untuk spot berfoto.
Taman Rumah Peri;10000;10000;2000;5000;Tempat wisata ramah anak dan keluarga yang dikonsep khusus dengan spot foto unik berupa rumah-rumah kurcaci dan dekorasi miniatur ala negeri dongeng.
